campaign_name,is_clicked,timestamp,duration,email
Facebook - Victoria Valdez,True,2024-03-06 08:40:19.203683,97,justinatkins@example.org
Tiktok - Abigail Potter,False,2024-03-06 02:31:43.880533,363,
Instagram - Juan Nelson,False,2024-07-24 14:34:49.926879,479,
Facebook - Daniel Fisher,True,2024-04-06 22:47:25.006181,101,elizabeth65@example.net
Facebook - Jaclyn Moore,False,2024-05-02 02:07:07.172028,112,
Facebook - Daniel Jones,True,2024-07-19 09:31:07.152024,195,christinemartin@example.net
Tiktok - Mandy Green,True,2024-01-31 21:55:31.142967,433,sferguson@example.com
Tiktok - John Daniel,False,2024-03-05 13:29:58.975770,256,
Instagram - Brian Ramirez,False,2024-07-15 06:35:19.242277,564,
Google Ads - Margaret Hawkins DDS,True,2024-08-23 18:17:28.108208,554,fryan@example.net
Google Ads - Stephanie Miller,True,2024-04-06 22:15:05.791616,243,sullivannicholas@example.com
Facebook - Victoria Valdez,False,2024-04-04 06:38:03.868309,493,
Instagram - Betty Alvarez,False,2024-05-15 10:23:13.746097,61,
Tiktok - Troy Liu,False,2024-09-01 23:28:40.931666,3,
Paid Search - Angel Ellis,False,2024-06-23 23:44:53.966937,466,
Google Ads - James Morgan,False,2024-06-11 02:28:40.926612,570,
Tiktok - Abigail Potter,False,2024-04-30 06:03:54.324929,159,
Paid Search - April Nguyen,False,2024-04-22 04:27:40.710655,223,
Tiktok - Sandra Montgomery,True,2024-06-01 11:51:25.588249,322,martinezclaudia@example.net
Tiktok - Monica Herrera,False,2024-08-09 10:44:55.269845,515,
Google Ads - Alexander Lee,True,2024-02-03 13:20:07.652598,59,bbenton@example.com
Paid Search - Richard Rodriguez,True,2024-05-23 23:54:47.205700,191,omarpadilla@example.net
Paid Search - Jason Bentley,True,2024-07-26 23:10:48.331539,241,brandon39@example.net
Instagram - Judy Baker,True,2024-04-19 04:15:16.078211,593,rmccormick@example.org
Facebook - Brandon Davis,True,2024-06-05 14:56:08.826315,430,zhall@example.com
Google Ads - Erin Edwards,False,2024-02-06 23:59:42.942837,268,
Facebook - Angelica Tucker,False,2024-03-10 17:07:49.089679,245,
Paid Search - Carlos Walls,False,2024-03-17 20:09:39.721096,135,
Paid Search - Christopher Rubio,False,2024-03-25 01:27:37.329376,469,
Paid Search - James Brown,True,2024-01-22 19:56:17.528112,10,javier42@example.org
Tiktok - John Santana,True,2024-04-22 18:25:32.586188,76,darylchaney@example.net
Instagram - Betty Alvarez,False,2024-09-20 08:31:57.296358,136,
Instagram - Sarah Moore,True,2024-06-03 06:43:48.348298,251,travis84@example.com
Google Ads - James Morgan,True,2024-06-18 10:40:59.303293,449,sarah10@example.org
Paid Search - Teresa Wilson,False,2024-07-25 22:43:54.017412,542,
Google Ads - Stephanie Miller,False,2024-08-29 00:34:40.612686,107,
Facebook - Ms. Ann Williams MD,False,2024-08-22 17:43:42.189436,119,
Paid Search - Andrew Stewart,True,2024-01-05 03:42:58.182164,279,kimberlyfreeman@example.net
Facebook - Elizabeth Kelley,True,2024-02-02 08:27:26.061280,352,heather57@example.com
Google Ads - Linda Dodson DVM,False,2024-03-11 13:02:22.505045,518,
Instagram - Marc Moore,False,2024-05-28 12:57:15.280378,53,
Paid Search - Carolyn Daniel,False,2024-09-06 03:02:56.158951,284,
Facebook - Brandon Davis,True,2024-07-17 23:13:43.265758,342,kpena@example.org
Google Ads - Kevin Hurst,False,2024-02-03 20:30:49.696036,166,
Facebook - Shannon Cannon,False,2024-01-10 03:02:45.188256,565,
Google Ads - Lori Hill,False,2024-04-25 13:15:42.052961,575,
Google Ads - Stephanie Miller,True,2024-07-03 19:46:15.377914,78,jacob87@example.org
Tiktok - Sandra Kelley,True,2024-09-22 03:30:35.800383,559,younggabrielle@example.com
Tiktok - Kelly Donovan,True,2024-02-05 10:57:11.863890,441,amy49@example.com
Facebook - Brandon Davis,False,2024-08-20 04:29:42.144120,374,
Facebook - Brandon Davis,False,2024-09-03 01:06:37.824983,216,
Google Ads - Linda Dodson DVM,True,2024-08-30 04:47:04.164290,106,lanedavid@example.org
Paid Search - Justin Johnson,False,2024-04-04 21:57:14.024789,159,
Google Ads - Barbara Walker,True,2024-04-17 18:11:07.194438,182,justinkline@example.org
Facebook - Victoria Valdez,True,2024-05-29 04:08:15.762548,184,joelmiller@example.net
Google Ads - Kristi Higgins MD,False,2024-07-09 16:47:11.222980,255,
Instagram - Rhonda Lee,True,2024-02-01 21:08:55.330475,111,christopherhuynh@example.com
Instagram - Melissa Peterson,False,2024-08-28 08:51:12.868509,228,
Facebook - Sandra Parker,False,2024-08-28 14:48:58.344068,359,
Instagram - Dr. Tracy House DVM,True,2024-06-07 10:09:02.010943,229,harrisonricky@example.com
Tiktok - Abigail Potter,True,2024-06-14 03:49:49.860004,409,catherine47@example.com
Tiktok - John Daniel,True,2024-09-23 06:30:44.826330,286,davisdonna@example.net
Tiktok - John Atkinson,False,2024-01-13 02:47:52.309767,550,
Google Ads - Kristi Higgins MD,True,2024-07-16 20:50:13.860768,119,ocameron@example.com
Paid Search - Carlos Walls,True,2024-04-05 01:44:44.350111,595,weavermichael@example.org
Paid Search - Carlos Walls,True,2024-04-30 05:35:52.405964,112,davidsonisaiah@example.com
Instagram - Mark Baker,False,2024-04-19 12:20:11.656999,322,
Instagram - Mark Baker,True,2024-04-30 11:06:56.515301,395,sarasilva@example.org
Facebook - Natalie Lambert,True,2024-08-11 14:18:28.290531,261,scoffey@example.net
Google Ads - Lori Hill,False,2024-03-18 11:37:37.279103,2,
Facebook - Robert Stevens,True,2024-05-07 18:56:33.013079,373,tali@example.com
Tiktok - Amber Perez,False,2024-02-06 01:16:26.349295,322,
Tiktok - Abigail Potter,True,2024-02-19 03:15:42.890473,308,conwaylori@example.org
Instagram - Dr. Tracy House DVM,False,2024-07-24 03:43:53.841614,335,
Facebook - Jaclyn Moore,False,2024-09-02 10:26:48.247121,568,
Google Ads - Kevin Hurst,True,2024-09-07 20:48:30.430537,431,trevorgoodwin@example.com
Tiktok - James Powers,True,2024-01-23 10:37:02.137710,583,kwallace@example.com
Facebook - Jaclyn Moore,True,2024-08-27 21:06:29.728580,312,jasonjohnson@example.net
Facebook - Angelica Tucker,False,2024-06-07 23:29:27.398421,594,
Facebook - Elizabeth Kelley,False,2024-04-09 01:37:50.717002,477,
Instagram - Anna Henderson,False,2024-06-22 22:30:59.351777,219,
Paid Search - Richard Rodriguez,False,2024-04-11 14:42:11.388896,174,
Tiktok - Abigail Potter,True,2024-04-27 11:20:01.921319,291,ginaschmitt@example.com
Tiktok - Abigail Potter,False,2024-05-16 05:49:28.095857,96,
Google Ads - Kimberly Morrison,True,2024-06-06 12:18:47.145648,318,msmith@example.com
Facebook - Sandra Parker,True,2024-09-10 01:10:36.943517,26,brenda51@example.net
Facebook - Daniel Jones,False,2024-01-26 22:53:07.820343,75,
Facebook - Adam Jones,False,2024-03-20 15:25:18.129946,590,
Paid Search - April Nguyen,False,2024-04-01 08:46:34.981087,507,
Facebook - Jaclyn Moore,True,2024-05-31 02:21:36.700782,152,butlerashley@example.net
Tiktok - Sandra Kelley,True,2024-08-28 08:03:07.224383,110,whitecarol@example.org
Instagram - Juan Nelson,True,2024-06-04 07:15:47.205342,181,ganderson@example.org
Paid Search - David Wright,False,2024-08-14 01:50:16.894522,52,
Tiktok - Larry Dixon,True,2024-04-24 06:51:14.588495,125,carl24@example.org
Facebook - Ms. Ann Williams MD,False,2024-03-27 11:01:47.262028,544,
Tiktok - Larry Dixon,False,2024-03-26 07:53:28.744420,454,
Instagram - Kevin Pena,False,2024-02-17 18:53:45.753995,562,
Tiktok - Mandy Green,True,2024-02-08 08:29:56.241596,487,webbhaley@example.net
Paid Search - Carlos Walls,True,2024-08-06 00:29:18.402997,284,dustin09@example.com
Paid Search - Justin Johnson,False,2024-07-15 18:20:08.607858,245,
Tiktok - John Daniel,False,2024-09-21 22:49:46.164129,80,
Tiktok - Francisco Fernandez,False,2024-02-26 10:18:06.339795,241,
Instagram - Rhonda Lee,False,2024-05-19 01:06:49.163246,328,
Paid Search - Teresa Wilson,True,2024-06-03 01:06:44.266713,142,barbara53@example.com
Google Ads - Eric Carney,False,2024-06-13 20:25:28.510778,157,
Google Ads - Lori Hill,True,2024-01-27 15:23:33.872470,66,hbutler@example.org
Facebook - Victoria Valdez,False,2024-03-17 06:41:55.840859,556,
Facebook - Sandra Aguilar,False,2024-02-01 18:04:20.550501,64,
Facebook - Angelica Tucker,False,2024-03-14 08:21:29.983037,399,
Tiktok - John Anderson,True,2024-04-27 13:27:11.783527,590,lgutierrez@example.org
Google Ads - David Garcia,True,2024-08-25 03:13:08.226607,361,tiffanysantiago@example.com
Google Ads - Kimberly Morrison,False,2024-03-18 06:24:18.889204,430,
Tiktok - Diana May,True,2024-09-02 19:07:57.586486,500,parkerjudith@example.net
Instagram - Rhonda Lee,False,2024-09-21 20:15:34.177227,498,
Tiktok - Connie Lawrence,False,2024-07-20 19:27:46.913145,345,
Paid Search - Christopher Rubio,False,2024-09-04 14:59:27.733147,170,
Facebook - Sandra Aguilar,True,2024-06-27 11:58:54.079825,547,samuel71@example.org
Paid Search - Daniel Baker,True,2024-02-07 18:23:56.651502,86,robert84@example.net
Instagram - Juan Nelson,True,2024-02-25 09:37:58.700291,473,ttaylor@example.org
Tiktok - Monica Herrera,False,2024-08-12 15:55:35.018263,389,
Tiktok - Richard Gibson,True,2024-07-21 04:26:11.042149,466,angela93@example.com
Instagram - Kimberly Adkins,False,2024-01-08 07:48:45.399717,285,
Google Ads - Kimberly Morrison,False,2024-08-29 17:44:01.681689,259,
Facebook - Daniel Adams,False,2024-09-14 02:10:11.240885,20,
Facebook - Paul Castaneda,True,2024-05-24 14:08:39.281737,359,whitelinda@example.org
Instagram - Cheyenne Horton,True,2024-08-02 00:05:46.121955,42,smithmonica@example.com
Tiktok - Connie Lawrence,True,2024-01-02 18:50:41.174984,205,burgessdavid@example.net
Paid Search - Jonathan Johnson,True,2024-08-10 23:31:18.520970,245,thorntonapril@example.net
Tiktok - Steven Flynn,True,2024-01-07 21:42:07.859475,578,tammyjones@example.net
Instagram - Betty Alvarez,False,2024-02-24 09:50:04.523189,263,
Tiktok - John Anderson,False,2024-09-09 06:08:08.289719,172,
Facebook - Elizabeth Kelley,True,2024-06-01 23:34:30.584541,168,rfarley@example.com
Instagram - Dr. Tracy House DVM,True,2024-07-15 02:01:53.898512,593,mgutierrez@example.net
Instagram - Dr. Tracy House DVM,False,2024-05-19 12:25:13.474247,407,
Tiktok - Francisco Fernandez,True,2024-08-10 14:05:37.227585,78,rebecca18@example.org
Tiktok - Sandra Kelley,True,2024-03-19 23:56:57.440438,105,wilsonnicole@example.org
Tiktok - John Anderson,False,2024-01-30 08:37:42.645931,124,
Tiktok - Michael Smith,True,2024-07-08 04:23:39.466486,356,tylergolden@example.net
Instagram - Juan Nelson,False,2024-08-14 06:12:03.026798,71,
Google Ads - Timothy Pham,False,2024-04-29 00:44:00.209952,13,
Paid Search - Matthew Mcmillan,False,2024-04-25 18:42:01.782349,109,
Instagram - Mark Baker,False,2024-03-11 10:59:06.677951,471,
Google Ads - Lori Hill,True,2024-08-19 13:12:49.090267,446,rjackson@example.com
Facebook - Daniel Fisher,False,2024-09-22 23:43:07.560382,552,
Paid Search - Justin Johnson,False,2024-07-14 23:06:08.834567,477,
Instagram - Mark Baker,False,2024-02-01 04:38:50.786963,331,
Facebook - Daniel Jones,True,2024-04-04 17:47:50.475339,286,justinkline@example.org
Tiktok - Mandy Green,True,2024-01-22 04:15:38.010904,476,msparks@example.com
Instagram - Kevin Pena,False,2024-07-31 11:38:12.876667,345,
Tiktok - Connie Lawrence,False,2024-07-13 19:38:24.430077,333,
Facebook - Brittany Farmer,False,2024-03-28 14:46:18.102812,218,
Paid Search - Kurt Leonard,False,2024-05-15 19:29:39.128367,349,
Tiktok - John Daniel,False,2024-03-14 22:52:59.099370,570,
Google Ads - Stephanie Miller,True,2024-06-17 21:47:21.343654,88,lkelly@example.org
Paid Search - Michelle Brown,False,2024-05-17 08:40:28.711019,501,
Tiktok - Larry Dixon,True,2024-07-27 03:01:10.789341,488,huntlarry@example.com
Tiktok - Francisco Fernandez,False,2024-07-08 07:31:43.341531,459,
Paid Search - Jonathan Johnson,True,2024-03-25 07:40:02.528284,302,crawfordwilliam@example.org
Facebook - Jaclyn Moore,True,2024-09-04 16:22:03.001439,314,evanscorey@example.org
Google Ads - Erin Edwards,False,2024-04-26 01:50:47.730250,485,
Paid Search - Deborah Rodriguez,False,2024-09-06 17:27:58.932178,436,
Facebook - Paul Castaneda,False,2024-07-31 17:16:31.388510,361,
Paid Search - David Wright,False,2024-03-26 01:08:04.564153,278,
Instagram - Dr. Tracy House DVM,False,2024-08-13 08:54:12.999746,237,
Instagram - Judy Baker,True,2024-06-26 01:53:29.941708,324,charles87@example.net
Facebook - Paul Castaneda,True,2024-08-23 01:14:07.751367,197,smithjason@example.org
Facebook - Shannon Cannon,False,2024-01-10 13:04:38.046329,284,
Paid Search - Michelle Brown,False,2024-06-18 22:41:13.662143,103,
Paid Search - April Nguyen,False,2024-01-03 03:14:12.093341,233,
Tiktok - Danielle Wheeler,True,2024-02-06 15:51:37.693159,310,danamullins@example.org
Google Ads - Lori Hill,True,2024-04-10 18:21:16.125616,281,zcoffey@example.net
Tiktok - Monica Herrera,False,2024-09-09 14:51:17.775839,130,
Tiktok - Megan Walker,False,2024-06-29 08:25:35.478917,106,
Google Ads - Stephanie Miller,False,2024-03-12 01:19:01.192797,481,
Google Ads - David Garcia,False,2024-02-10 13:26:43.012085,349,
Facebook - Brittany Farmer,True,2024-08-05 23:43:40.097468,259,danielgilmore@example.net
Google Ads - David Garcia,True,2024-07-15 11:29:21.346967,67,harveymichael@example.net
Instagram - Marc Moore,True,2024-03-16 16:36:46.064505,591,dhall@example.net
Google Ads - Linda Dodson DVM,True,2024-02-23 04:28:14.413870,156,johnsondonna@example.net
Tiktok - Michael Smith,False,2024-08-22 14:14:45.247820,88,
Facebook - Daniel Jones,True,2024-09-11 16:09:42.800137,572,melaniewhitney@example.com
Paid Search - Matthew Mcmillan,True,2024-08-17 13:59:32.000110,536,lgutierrez@example.org
Tiktok - Mandy Green,False,2024-07-19 17:36:12.262969,305,
Google Ads - Eric Ortiz,False,2024-01-01 20:33:20.107873,313,
Tiktok - Michael Smith,True,2024-01-19 00:22:12.739944,102,tammyjones@example.net
Paid Search - Allen Rogers,True,2024-05-29 09:15:25.272368,217,natalie46@example.net
Tiktok - Abigail Potter,True,2024-02-25 20:35:08.721152,161,floresjeffery@example.com
Google Ads - Thomas Harrell,True,2024-02-17 16:57:45.069962,161,howelljohn@example.com
Facebook - Victoria Valdez,False,2024-04-22 00:01:12.614150,482,
Facebook - Jerry Henderson,True,2024-03-11 11:05:46.606744,238,nmiles@example.net
Google Ads - Lori Hill,False,2024-04-11 20:35:20.960478,465,
Instagram - Brian Ramirez,True,2024-06-05 09:25:50.821428,271,alishahutchinson@example.net
Paid Search - Jose Schultz,True,2024-06-19 19:22:11.072820,436,jessica56@example.org
Paid Search - Teresa Wilson,True,2024-05-09 16:45:23.491265,153,susanrobinson@example.org
Instagram - Rhonda Lee,True,2024-06-24 22:57:39.157988,74,davischristopher@example.com
Tiktok - Troy Liu,False,2024-02-18 05:29:35.183974,583,
Google Ads - James Morgan,False,2024-03-21 09:06:44.678047,128,
Facebook - Sandra Aguilar,False,2024-03-03 02:39:40.768162,413,
Instagram - Rhonda Lee,False,2024-03-19 05:47:07.071597,449,
Facebook - Daniel Adams,True,2024-05-09 22:04:18.983282,443,knoxelizabeth@example.org
Tiktok - Richard Gibson,False,2024-08-01 09:39:34.152120,27,
Paid Search - Carolyn Daniel,True,2024-04-15 01:12:44.699068,590,joelduncan@example.net
Paid Search - Jonathan Johnson,False,2024-04-05 15:41:47.141300,591,
Facebook - Brandon Davis,True,2024-05-08 19:42:37.682053,482,paultaylor@example.net
Instagram - Cheyenne Horton,False,2024-01-26 20:32:12.597576,285,
Facebook - Brittany Farmer,False,2024-01-31 02:19:20.901107,504,
Paid Search - Carolyn Daniel,False,2024-08-23 22:35:16.181690,357,
Facebook - Victoria Valdez,False,2024-07-21 05:03:21.030483,329,
Paid Search - Christopher Rubio,True,2024-03-17 22:38:36.174462,165,susan24@example.net
Facebook - Victoria Valdez,False,2024-09-16 15:16:22.244966,296,
Tiktok - Abigail Potter,False,2024-03-28 03:43:25.357238,564,
Instagram - Melissa Peterson,False,2024-06-26 10:10:10.820008,91,
Paid Search - James Brown,False,2024-02-01 00:30:40.089683,332,
Google Ads - Sherri Edwards,False,2024-05-04 11:25:28.868816,527,
Facebook - Allison Hill,False,2024-03-26 09:59:51.166840,424,
Tiktok - Monica Herrera,True,2024-01-31 09:50:10.465845,531,aprilmclaughlin@example.org
Tiktok - John Santana,False,2024-07-05 16:16:01.835988,453,
Paid Search - Allen Rogers,True,2024-07-07 18:43:48.422913,209,lopezjason@example.com
Paid Search - Deborah Rodriguez,True,2024-07-26 05:23:47.347184,295,leescott@example.com
Paid Search - David Wright,False,2024-05-09 13:34:43.936025,125,
Tiktok - Connie Lawrence,True,2024-08-03 12:55:31.418560,163,jamesweber@example.com
Paid Search - Deborah Rodriguez,True,2024-05-11 00:31:13.381646,566,laurapierce@example.net
Paid Search - Carolyn Daniel,True,2024-04-20 08:26:43.037075,117,cookpamela@example.org
Instagram - Judy Baker,True,2024-03-03 21:43:54.998643,511,lorraine79@example.org
Tiktok - Francisco Fernandez,False,2024-03-18 22:09:48.528545,522,
Google Ads - Lori Hill,False,2024-05-15 22:14:25.917158,426,
Google Ads - David Garcia,False,2024-08-26 07:53:53.277616,250,
Facebook - Adam Jones,True,2024-07-28 16:11:22.956909,393,michaelgonzalez@example.org
Paid Search - Jason Bentley,True,2024-01-17 06:51:24.200260,72,rguerrero@example.org
Tiktok - John Anderson,False,2024-07-25 17:17:28.873127,349,
Google Ads - Timothy Pham,False,2024-03-11 01:39:21.765699,3,
Google Ads - James Morgan,False,2024-03-26 01:43:14.139993,594,
Tiktok - Abigail Potter,False,2024-04-14 19:51:58.716402,153,
Tiktok - Mandy Green,False,2024-04-28 08:57:41.925383,354,
Google Ads - Kristi Higgins MD,False,2024-04-16 18:47:58.199872,467,
Tiktok - Richard Gibson,True,2024-09-01 08:54:23.993572,245,nicole27@example.com
Paid Search - Angel Ellis,True,2024-03-12 20:48:07.679683,421,julie23@example.org
Paid Search - James Brown,False,2024-07-14 00:56:42.194358,391,
Paid Search - Angel Ellis,True,2024-04-01 00:34:34.312715,508,rfarley@example.com
Instagram - Melissa Peterson,True,2024-08-07 05:39:21.158271,515,susanmcdonald@example.org
Google Ads - Eric Ortiz,False,2024-03-23 15:10:27.271243,103,
Instagram - Anna Henderson,True,2024-04-19 18:21:31.117198,539,janice40@example.org
Facebook - Adam Jones,True,2024-06-02 08:11:32.677769,148,suzanne76@example.org
Instagram - Cheyenne Horton,True,2024-02-14 14:31:28.168225,77,sullivanjennifer@example.org
Paid Search - Carlos Walls,False,2024-02-25 05:30:15.076067,408,
Instagram - Cheyenne Horton,True,2024-06-16 11:28:44.566901,337,seth25@example.com
Instagram - Ryan Bryant,False,2024-09-10 21:10:00.232924,325,
Paid Search - Jose Schultz,False,2024-06-13 06:27:09.664136,555,
Instagram - Melissa Peterson,True,2024-03-29 07:16:56.372051,241,brianacohen@example.net
Google Ads - Linda Dodson DVM,False,2024-06-11 00:49:24.790171,233,
Facebook - Paul Castaneda,True,2024-01-06 08:02:58.563104,445,lmorgan@example.com
Paid Search - Allen Rogers,True,2024-07-12 10:38:41.668482,455,sullivannicholas@example.com
Tiktok - Sandra Kelley,False,2024-08-02 22:05:10.631686,30,
Facebook - Brandon Davis,False,2024-01-25 04:09:51.318426,58,
Facebook - Jerry Henderson,False,2024-07-07 18:09:45.473994,384,
Instagram - Mark Baker,True,2024-09-01 08:00:20.339695,251,hmason@example.com
Facebook - Victoria Valdez,True,2024-07-24 09:25:45.096521,175,asmith@example.com
Facebook - Daniel Adams,False,2024-05-28 02:07:31.221130,247,
Facebook - Rita Keith,True,2024-06-24 10:02:38.823926,238,cookpamela@example.org
Tiktok - Megan Walker,False,2024-05-18 21:59:22.996246,471,
Paid Search - Shannon Jones,True,2024-04-06 23:38:38.069859,477,hbarnett@example.net
Google Ads - James Morgan,True,2024-02-23 03:36:53.014634,76,nicholasjames@example.org
Instagram - Sarah Moore,False,2024-02-12 01:11:05.738265,435,
Tiktok - Sandra Kelley,False,2024-05-23 11:35:22.799005,468,
Facebook - Jessica Callahan,True,2024-08-18 06:29:14.237207,394,wendylawson@example.org
Google Ads - David Garcia,True,2024-03-02 10:12:44.468096,243,egarcia@example.com
Facebook - Natalie Lambert,False,2024-08-02 14:50:18.879315,589,
Facebook - Jerry Henderson,False,2024-08-31 21:52:57.324134,23,
Tiktok - Abigail Potter,False,2024-03-29 18:58:06.311119,282,
Google Ads - Stephanie Miller,True,2024-02-27 18:01:16.407357,509,carol62@example.net
Google Ads - James Morgan,True,2024-07-15 10:02:03.581424,361,parkerjudith@example.net
Tiktok - Megan Walker,True,2024-09-08 18:36:54.805849,257,braunheather@example.net
Google Ads - Kimberly Morrison,True,2024-01-10 15:53:52.258736,100,kathleen47@example.net
Paid Search - Jose Schultz,True,2024-01-06 08:44:48.422487,317,mosleygeorge@example.com
Instagram - Anna Henderson,True,2024-09-08 20:48:35.272700,594,susan77@example.net
Facebook - Daniel Fisher,True,2024-01-28 11:01:32.810957,93,gmyers@example.org
Facebook - Jerry Henderson,False,2024-04-16 14:01:44.740118,426,
Google Ads - Thomas Harrell,True,2024-05-09 21:02:36.223296,136,kimberly23@example.com
Paid Search - Teresa Wilson,False,2024-02-12 00:52:48.717409,544,
Google Ads - Timothy Pham,False,2024-03-21 17:53:32.947668,169,
Paid Search - Shannon Jones,False,2024-03-02 14:31:27.173085,303,
Facebook - Paul Castaneda,False,2024-07-25 21:13:54.133502,118,
Facebook - Sandra Aguilar,True,2024-03-07 05:45:17.683604,145,smithmonica@example.com
Google Ads - Jenny Lewis,False,2024-03-13 23:25:17.292980,571,
Tiktok - Danielle Wheeler,True,2024-02-03 02:48:11.816927,405,danamullins@example.org
Paid Search - Carlos Walls,True,2024-07-29 00:04:08.001498,466,wilsonchristian@example.net
Instagram - Ryan Bryant,False,2024-06-24 12:15:28.230268,599,
Tiktok - James Powers,False,2024-02-05 03:20:19.132452,111,
Instagram - Ryan Bryant,True,2024-07-17 08:15:43.718723,483,gibsonleonard@example.com
Tiktok - John Santana,False,2024-03-13 07:36:38.586776,227,
Tiktok - John Atkinson,True,2024-01-23 17:51:45.908232,476,gmyers@example.org
Paid Search - David Wright,False,2024-01-20 18:58:57.776824,419,
Google Ads - Sherri Edwards,True,2024-07-12 09:54:00.681743,47,lauriegonzales@example.net
Instagram - Melissa Peterson,False,2024-07-23 04:47:04.815713,505,
Google Ads - Sherri Edwards,True,2024-04-21 06:09:14.615028,241,suzanne19@example.net
Tiktok - Diana May,True,2024-01-04 22:45:48.333784,398,matthew99@example.org
Tiktok - Kelly Donovan,False,2024-08-10 09:02:21.078614,159,
Paid Search - Matthew Mcmillan,True,2024-06-11 00:14:57.215433,502,gregory61@example.org
Facebook - Victoria Valdez,False,2024-02-10 16:06:34.057179,34,
Tiktok - Sandra Kelley,False,2024-07-16 02:21:21.206537,223,
Instagram - Anna Henderson,False,2024-07-31 07:08:08.000452,242,
Tiktok - Danielle Wheeler,True,2024-02-22 00:54:02.721879,377,fsawyer@example.org
Tiktok - John Atkinson,False,2024-06-11 05:31:06.837707,63,
Paid Search - Daniel Baker,False,2024-03-24 14:49:26.445914,195,
Instagram - Judy Baker,False,2024-03-27 16:59:11.621374,94,
Tiktok - Abigail Potter,True,2024-05-17 05:32:04.463055,22,melissagarcia@example.net
Google Ads - Kristi Higgins MD,True,2024-01-07 06:37:32.639534,129,kimberly23@example.com
Tiktok - Michael Smith,True,2024-03-14 09:39:06.996239,71,garciakenneth@example.net
Paid Search - Allen Rogers,True,2024-02-24 06:47:09.722857,222,williamstanya@example.net
Google Ads - Eric Carney,False,2024-03-11 18:47:07.217457,152,
Paid Search - Jason Bentley,True,2024-06-24 17:14:17.176288,284,dday@example.org
Tiktok - Arthur James,True,2024-05-06 06:15:54.169575,554,cruzjessica@example.org
Google Ads - Thomas Harrell,True,2024-03-19 00:08:45.811479,27,johnsantiago@example.net
Google Ads - Stephanie Miller,False,2024-01-25 22:13:31.883107,244,
Google Ads - Eric Ortiz,False,2024-09-15 23:21:27.985363,17,
Google Ads - Thomas Harrell,False,2024-05-30 06:12:25.974701,54,
Google Ads - Kevin Hurst,False,2024-05-09 11:04:36.881219,539,
Google Ads - Sherri Edwards,True,2024-08-31 02:40:29.715775,488,davidvillarreal@example.com
Paid Search - Justin Johnson,False,2024-05-22 19:33:06.657520,526,
Google Ads - Eric Ortiz,True,2024-03-06 12:25:58.014244,463,mccoymichael@example.org
Google Ads - Jenny Lewis,True,2024-01-05 14:38:45.385099,534,kwallace@example.com
Facebook - Adam Jones,True,2024-05-13 03:02:58.146598,63,christophermay@example.com
Facebook - Jaclyn Moore,False,2024-04-15 10:26:15.798425,111,
Instagram - Marc Moore,False,2024-04-09 20:02:22.632756,76,
Facebook - Daniel Adams,False,2024-05-26 09:32:43.558658,152,
Tiktok - Amber Perez,True,2024-01-30 00:12:13.706145,282,nturner@example.com
Tiktok - Megan Walker,False,2024-03-01 00:18:44.783807,391,
Paid Search - Jason Bentley,False,2024-09-18 04:44:21.896024,465,
Google Ads - Timothy Pham,False,2024-04-16 10:14:39.208948,102,
Paid Search - David Wright,True,2024-03-03 04:05:23.069841,565,randysmith@example.org
Instagram - Betty Alvarez,False,2024-04-09 01:17:40.823885,463,
Google Ads - Eric Carney,False,2024-05-30 20:04:22.591854,348,
Facebook - Adam Jones,False,2024-06-21 04:10:44.318452,426,
Facebook - Daniel Fisher,True,2024-03-30 00:58:05.793353,321,bzamora@example.net
Paid Search - James Brown,False,2024-08-04 20:48:21.612195,384,
Instagram - Shannon Smith,False,2024-09-18 08:46:07.801632,69,
Paid Search - Carolyn Daniel,True,2024-01-26 13:10:54.035074,96,jackfarmer@example.net
Google Ads - Margaret Hawkins DDS,False,2024-02-15 08:00:46.477384,134,
Tiktok - Larry Dixon,True,2024-08-19 15:18:09.252781,576,whitemichael@example.com
Google Ads - Kristi Higgins MD,True,2024-05-11 04:36:56.523373,421,lanedavid@example.org
Paid Search - Christopher Rubio,False,2024-03-07 22:51:21.711310,53,
Google Ads - James Morgan,False,2024-02-07 20:30:14.143432,361,
Paid Search - Andrew Stewart,True,2024-06-14 02:55:24.038693,159,williammurray@example.com
Google Ads - David Garcia,True,2024-05-06 19:51:22.539656,111,smithalexandra@example.net
Tiktok - Larry Dixon,False,2024-07-12 15:48:40.398016,118,
Paid Search - Allen Rogers,False,2024-05-31 18:28:52.738702,588,
Google Ads - Jenny Lewis,False,2024-03-03 06:06:34.399414,575,
Tiktok - John Anderson,True,2024-07-24 13:04:13.149933,274,robert77@example.org
Facebook - Brittany Farmer,False,2024-03-08 12:03:52.835332,317,
Instagram - Kimberly Adkins,False,2024-03-24 10:06:03.236305,7,
Facebook - Brittany Farmer,True,2024-03-31 11:53:34.190764,580,zhall@example.com
Facebook - Jaclyn Moore,True,2024-02-10 08:10:00.715224,146,derrick73@example.org
Tiktok - Megan Walker,True,2024-03-27 02:18:22.012956,94,tking@example.net
Google Ads - Alexander Lee,True,2024-05-31 09:57:07.427402,386,melvin04@example.org
Facebook - Adam Jones,False,2024-04-18 21:17:30.113813,162,
Tiktok - Kelly Donovan,False,2024-01-02 11:48:59.615211,333,
Paid Search - Justin Johnson,True,2024-07-03 22:01:32.838247,54,timothybooth@example.com
Google Ads - Debra Davidson,True,2024-07-21 05:32:58.973131,84,xpalmer@example.net
Instagram - Anna Henderson,False,2024-07-31 20:28:44.959492,498,
Facebook - Elizabeth Kelley,False,2024-05-26 03:09:51.370909,425,
Instagram - Rhonda Lee,True,2024-03-24 20:08:12.319567,525,eevans@example.net
Instagram - Sarah Moore,False,2024-06-23 15:15:16.919918,114,
Google Ads - James Morgan,False,2024-03-27 04:50:42.384458,540,
Paid Search - Christopher Rubio,False,2024-07-08 20:45:37.306866,47,
Google Ads - Jenny Lewis,False,2024-05-17 18:52:34.476004,57,
Facebook - Allison Hill,True,2024-08-17 23:36:34.457438,309,lauriegonzales@example.net
Instagram - Betty Alvarez,True,2024-09-22 21:38:58.479013,262,robertroach@example.net
Tiktok - Richard Gibson,True,2024-01-22 19:28:39.469832,8,mkrause@example.net
Facebook - Paul Castaneda,False,2024-01-29 03:14:42.423838,180,
Google Ads - Kevin Hurst,False,2024-07-06 06:58:06.264160,546,
Google Ads - Lori Hill,True,2024-04-10 14:59:32.922987,513,jackbell@example.org
Paid Search - Christopher Rubio,False,2024-07-21 17:26:02.580296,74,
Paid Search - Daniel Baker,True,2024-02-13 09:58:12.554038,447,ojones@example.com
Facebook - Adam Jones,True,2024-07-19 09:15:52.671124,321,meltondanny@example.org
Instagram - Juan Nelson,False,2024-02-14 12:21:02.388541,428,
Facebook - Jerry Henderson,True,2024-04-27 04:59:49.377007,415,sbarker@example.com
Tiktok - Richard Gibson,True,2024-09-17 07:41:28.901076,472,michael95@example.org
Tiktok - Sandra Kelley,False,2024-01-11 11:05:55.619743,91,
Instagram - Mark Baker,True,2024-04-23 14:44:11.560023,250,zcortez@example.net
Google Ads - Eric Ortiz,False,2024-02-15 17:26:20.710228,537,
Facebook - Daniel Adams,False,2024-08-03 02:50:52.827873,318,
Facebook - Paul Castaneda,False,2024-05-10 11:47:09.865387,227,
Google Ads - Kristi Higgins MD,True,2024-07-19 14:41:39.689902,79,angela73@example.net
Tiktok - Megan Walker,True,2024-05-26 12:46:58.466622,544,angela73@example.net
Paid Search - April Nguyen,False,2024-04-16 23:28:02.387790,360,
Facebook - Daniel Fisher,True,2024-03-20 11:34:50.808071,242,nathan19@example.org
Tiktok - Arthur James,False,2024-04-26 15:21:26.221820,203,
Google Ads - Thomas Harrell,True,2024-03-19 19:20:03.524810,78,johnathan37@example.net
Tiktok - John Anderson,False,2024-09-03 22:37:37.688206,476,
Google Ads - Kimberly Morrison,False,2024-06-30 05:52:04.918419,579,
Tiktok - John Atkinson,False,2024-05-19 22:37:00.844526,324,
Instagram - Shannon Smith,False,2024-06-13 18:00:03.899695,70,
Tiktok - Steven Flynn,False,2024-04-09 12:55:51.413936,311,
Tiktok - John Daniel,True,2024-06-23 03:45:41.863518,361,conwaylori@example.org
Instagram - Brian Ramirez,False,2024-02-07 21:42:22.340255,473,
Tiktok - Mandy Green,True,2024-05-20 03:34:26.199951,59,wilsonchristian@example.net
Google Ads - James Morgan,True,2024-02-24 18:19:32.306615,93,jasonwilliams@example.net
Paid Search - Jason Bentley,False,2024-06-13 10:55:32.729064,474,
Google Ads - Erin Edwards,True,2024-07-10 08:48:03.601751,461,susanrobinson@example.org
Facebook - Natalie Lambert,True,2024-05-19 02:41:14.539636,330,thomasgomez@example.net
Tiktok - Steven Flynn,True,2024-03-08 07:01:18.579247,64,christinacrawford@example.net
Paid Search - Andrew Stewart,False,2024-05-03 23:29:43.482521,87,
Google Ads - Timothy Pham,True,2024-09-07 18:06:55.319256,41,nicholasgross@example.com
Google Ads - Lori Hill,False,2024-09-05 07:28:16.782746,450,
Google Ads - Alexander Lee,True,2024-07-11 21:09:19.880700,373,xhaynes@example.com
Google Ads - James Morgan,False,2024-08-16 07:23:23.645513,419,
Paid Search - Justin Johnson,False,2024-02-06 05:59:25.486988,54,
Paid Search - Jose Schultz,False,2024-05-20 10:49:11.712896,68,
Google Ads - Kristi Higgins MD,True,2024-08-10 03:37:01.075180,572,braunheather@example.net
Paid Search - Angel Ellis,False,2024-01-03 15:07:57.877565,259,
Paid Search - Michelle Brown,True,2024-04-21 12:05:12.440736,342,lucasrodney@example.com
Google Ads - Erin Edwards,True,2024-02-10 06:28:36.838309,359,devonmorrison@example.net
Instagram - Cheyenne Horton,False,2024-01-18 22:59:57.697922,133,
Paid Search - Jason Bentley,True,2024-09-18 16:13:02.108047,318,jackbell@example.org
Tiktok - James Powers,False,2024-03-24 12:34:45.531186,131,
Paid Search - Christopher Rubio,True,2024-02-20 06:24:44.831419,434,bryanharris@example.com
Tiktok - Danielle Wheeler,True,2024-07-04 21:28:29.502265,372,william66@example.net
Facebook - Brittany Farmer,True,2024-05-24 00:39:22.312289,350,tammyjones@example.net
Tiktok - John Anderson,False,2024-03-29 15:57:59.595080,197,
Google Ads - Jenny Lewis,True,2024-01-17 08:48:51.463795,159,toni18@example.net
Facebook - Jerry Henderson,True,2024-05-05 12:52:07.229323,520,kpena@example.org
Paid Search - Teresa Wilson,True,2024-02-11 21:42:51.831217,345,lmadden@example.com
Tiktok - John Anderson,True,2024-04-03 20:47:15.198453,386,harttammy@example.net
Google Ads - Debra Davidson,True,2024-05-29 18:22:41.520314,170,randysmith@example.org
Instagram - Anna Henderson,True,2024-03-01 12:58:02.483282,421,susan77@example.net
Instagram - Ryan Bryant,True,2024-06-17 10:12:15.821466,455,hellis@example.net
Google Ads - James Morgan,False,2024-09-05 12:36:47.859536,240,
Tiktok - Diana May,True,2024-03-14 13:03:52.286452,317,susanmcdonald@example.org
Tiktok - Steven Flynn,True,2024-08-07 19:59:23.342736,377,braunheather@example.net
Facebook - Natalie Lambert,False,2024-08-20 12:17:36.823897,473,
Tiktok - John Anderson,False,2024-06-05 13:05:28.319272,392,
Google Ads - Timothy Pham,False,2024-03-22 21:25:48.867629,166,
Facebook - Sandra Parker,True,2024-06-16 06:25:45.240580,257,caseyhubbard@example.org
Tiktok - John Atkinson,False,2024-04-18 00:17:51.429812,381,
Paid Search - Deborah Rodriguez,True,2024-03-09 05:35:06.057415,529,lindseypena@example.net
Instagram - Judy Baker,False,2024-05-24 21:46:33.981530,86,
Paid Search - Allen Rogers,True,2024-06-25 14:33:34.630553,280,webbhaley@example.net
Paid Search - Richard Rodriguez,True,2024-01-21 18:02:00.817859,448,allendanielle@example.net
Google Ads - Jenny Lewis,False,2024-02-10 19:48:03.025656,358,
Tiktok - Connie Lawrence,False,2024-07-14 16:49:50.409239,55,
Paid Search - Daniel Baker,False,2024-03-15 23:48:30.702016,242,
Paid Search - Angel Ellis,True,2024-03-11 10:13:14.791850,384,whitelinda@example.org
Tiktok - Connie Lawrence,False,2024-01-28 09:44:56.764427,102,
Tiktok - Francisco Fernandez,False,2024-08-01 10:32:54.734246,150,
Facebook - Ms. Ann Williams MD,True,2024-06-06 07:24:11.230531,294,sheppardnatalie@example.net
Tiktok - Steven Flynn,True,2024-07-24 04:21:56.279299,481,davidvillarreal@example.com
Instagram - Kevin Pena,True,2024-03-29 10:20:32.081084,82,ojones@example.com
Paid Search - Shannon Jones,True,2024-07-25 18:26:54.935240,154,ywalker@example.org
Facebook - Daniel Fisher,False,2024-06-07 14:35:55.358837,114,
Paid Search - Justin Johnson,False,2024-03-15 06:08:36.938358,244,
Facebook - Jessica Callahan,True,2024-08-04 05:29:56.745576,49,mayokimberly@example.com
Paid Search - Matthew Mcmillan,False,2024-08-21 09:08:34.848218,65,
Google Ads - Sherri Edwards,False,2024-06-28 01:14:42.157712,549,
Paid Search - Jonathan Johnson,True,2024-05-06 19:09:47.420441,148,aaronpowers@example.org
Instagram - Juan Nelson,True,2024-02-15 00:34:47.296019,362,wrightjohn@example.net
Facebook - Natalie Lambert,False,2024-07-28 19:38:30.491787,192,
Paid Search - Christopher Rubio,True,2024-09-21 22:04:12.038606,537,friedmansusan@example.org
Tiktok - Danielle Wheeler,True,2024-01-25 11:08:32.861245,539,fsawyer@example.org
Google Ads - Timothy Pham,True,2024-08-03 04:08:05.722871,400,williamadams@example.net
Tiktok - Steven Flynn,True,2024-02-09 05:40:49.971522,397,lelinda@example.net
Paid Search - Shannon Jones,True,2024-02-14 03:29:19.708079,366,mosleygeorge@example.com
Tiktok - Amber Perez,False,2024-08-22 06:12:41.547351,247,
Facebook - Daniel Fisher,True,2024-03-27 14:29:12.878567,596,knoxelizabeth@example.org
Google Ads - Kimberly Morrison,False,2024-08-27 23:23:05.797819,137,
Facebook - Brandon Davis,False,2024-01-14 23:29:00.825637,560,
Instagram - Kimberly Adkins,True,2024-05-17 01:21:13.909192,476,kevinallen@example.com
Google Ads - David Garcia,True,2024-04-27 18:25:03.491214,139,xbruce@example.net
Tiktok - Francisco Fernandez,False,2024-06-27 01:45:06.945952,38,
Facebook - Jerry Henderson,True,2024-03-28 14:36:08.284468,45,rshaw@example.com
Facebook - Sandra Parker,True,2024-05-14 00:31:16.029793,324,lorraine79@example.org
Instagram - Dr. Tracy House DVM,False,2024-02-01 10:00:27.543974,557,
Tiktok - Steven Flynn,False,2024-05-30 00:44:09.618826,38,
Google Ads - Kimberly Morrison,True,2024-04-11 01:25:43.324464,293,adkinssean@example.net
Paid Search - Justin Johnson,True,2024-04-13 06:16:14.307525,340,jennifer46@example.com
Instagram - Judy Baker,False,2024-05-07 02:02:55.850535,448,
Facebook - Jaclyn Moore,False,2024-03-24 12:04:24.817709,396,
Instagram - Kimberly Adkins,True,2024-05-19 19:26:19.683197,509,gibsonkristina@example.org
Facebook - Rita Keith,False,2024-05-22 03:21:46.960576,532,
Instagram - Rhonda Lee,True,2024-08-24 13:57:14.297992,435,samantha66@example.com
Instagram - Mark Baker,True,2024-08-13 13:47:24.778403,559,ronald11@example.org
Tiktok - Richard Gibson,True,2024-09-12 21:15:53.230254,82,maychristine@example.net
Tiktok - Abigail Potter,False,2024-09-10 05:49:01.320593,314,
Tiktok - Mandy Green,False,2024-08-11 06:35:44.435911,171,
Tiktok - Sandra Kelley,False,2024-07-09 12:41:57.020256,360,
Tiktok - Mandy Green,True,2024-08-12 22:54:29.282005,362,jasonwilliams@example.net
Instagram - Mark Baker,False,2024-05-30 02:55:34.660358,59,
Instagram - Brian Ramirez,False,2024-05-11 06:25:43.435232,373,
Paid Search - Richard Rodriguez,True,2024-07-30 07:38:26.632835,32,markmeyer@example.org
Facebook - Elizabeth Kelley,False,2024-07-02 13:41:36.339606,36,
Google Ads - Kevin Hurst,True,2024-05-29 10:20:11.285513,242,whitecarol@example.org
Tiktok - John Atkinson,False,2024-04-26 14:55:58.191692,371,
Paid Search - Angel Ellis,True,2024-04-03 06:10:50.472429,158,nashmarcus@example.com
Tiktok - Mandy Green,False,2024-01-07 18:36:19.378538,381,
Instagram - Anna Henderson,True,2024-04-07 22:43:03.049543,588,gregorychase@example.com
Google Ads - Alexander Lee,False,2024-05-04 20:02:17.403985,408,
Paid Search - James Brown,False,2024-06-28 11:09:30.749797,256,
Google Ads - Sherri Edwards,True,2024-07-14 02:54:12.413559,191,fitzpatrickelizabeth@example.com
Facebook - Robert Stevens,False,2024-02-27 06:13:28.414497,576,
Instagram - Judy Baker,False,2024-05-29 22:28:44.317830,267,
Google Ads - Lori Hill,False,2024-09-24 06:43:16.270935,220,
Instagram - Kevin Pena,False,2024-09-08 14:42:56.022090,503,
Facebook - Sandra Parker,True,2024-04-12 10:31:13.085977,139,wendylawson@example.org
Instagram - Brian Ramirez,False,2024-02-17 22:41:14.382240,177,
Tiktok - Francisco Fernandez,False,2024-07-19 05:55:12.852697,90,
Google Ads - Linda Dodson DVM,False,2024-01-03 20:36:16.818479,356,
Google Ads - Lori Hill,True,2024-04-28 09:47:27.681821,564,james18@example.com
Facebook - Jerry Henderson,False,2024-05-20 21:15:36.913581,162,
Tiktok - Francisco Fernandez,True,2024-01-02 12:05:29.351026,371,bryanharris@example.com
Google Ads - Jenny Lewis,True,2024-03-24 03:15:34.592037,206,richard51@example.net
Facebook - Ms. Ann Williams MD,True,2024-01-26 04:57:00.046882,506,mgutierrez@example.net
Tiktok - Danielle Wheeler,False,2024-04-08 19:09:39.116901,479,
Paid Search - Deborah Rodriguez,True,2024-03-08 23:13:37.691928,89,wareeric@example.net
Instagram - Dr. Tracy House DVM,False,2024-09-03 20:00:56.086641,491,
Google Ads - Alexander Lee,False,2024-06-11 12:28:45.321056,420,
Facebook - Natalie Lambert,True,2024-01-09 23:31:35.687790,129,maria61@example.net
Paid Search - James Brown,True,2024-03-14 15:26:53.261491,461,fbradley@example.net
Google Ads - Linda Dodson DVM,False,2024-05-08 05:24:46.530101,132,
Paid Search - Justin Johnson,True,2024-01-12 18:18:38.223761,133,wattsthomas@example.net
Google Ads - Timothy Pham,True,2024-07-05 06:49:15.139987,128,ykane@example.org
Instagram - Shannon Smith,False,2024-03-08 18:35:00.837311,169,
Google Ads - Debra Davidson,False,2024-06-16 11:22:32.134244,231,
Instagram - Sarah Moore,False,2024-09-17 02:42:20.753514,81,
Paid Search - Shannon Jones,True,2024-08-08 12:31:06.811335,565,danielle44@example.net
Google Ads - Kevin Hurst,False,2024-08-19 04:44:41.671382,547,
Paid Search - Carolyn Daniel,True,2024-09-05 10:39:17.551247,595,harttammy@example.net
Tiktok - Troy Liu,False,2024-09-24 02:25:25.296314,578,
Facebook - Brandon Davis,True,2024-06-18 08:10:41.408331,84,zcoffey@example.net
Tiktok - John Atkinson,False,2024-05-11 07:45:33.297829,216,
Tiktok - John Anderson,False,2024-05-06 19:25:49.607708,32,
Facebook - Rita Keith,False,2024-08-22 08:17:10.301978,310,
Google Ads - David Garcia,True,2024-07-20 00:56:02.318568,416,timothyfreeman@example.com
Facebook - Adam Jones,True,2024-08-04 06:20:30.681000,62,kyle58@example.com
Instagram - Anna Henderson,False,2024-01-11 05:31:00.524047,496,
Facebook - Sandra Aguilar,True,2024-01-08 17:22:13.368371,349,natalie21@example.com
Tiktok - Arthur James,False,2024-08-27 12:31:58.010764,327,
Facebook - Daniel Fisher,False,2024-02-11 00:45:00.835539,409,
Google Ads - Kevin Hurst,False,2024-07-16 04:25:50.640734,528,
Tiktok - Larry Dixon,True,2024-08-21 06:25:17.564317,327,lkelly@example.org
Facebook - Sandra Aguilar,True,2024-02-05 06:15:48.935382,274,webbhaley@example.net
Facebook - Daniel Jones,True,2024-04-22 09:06:17.112792,100,melissagarcia@example.net
Facebook - Jerry Henderson,False,2024-08-14 13:00:30.217455,429,
Facebook - Daniel Jones,True,2024-01-16 00:17:19.758646,336,thomasroberts@example.net
Facebook - Natalie Lambert,False,2024-06-19 17:50:58.751145,195,
Paid Search - Allen Rogers,True,2024-01-17 16:38:30.593263,511,ginaschmitt@example.com
Facebook - Sandra Aguilar,False,2024-01-27 02:35:37.241812,316,
Facebook - Rita Keith,True,2024-05-25 17:29:17.493252,93,jacob87@example.org
Paid Search - Daniel Baker,False,2024-09-20 09:31:59.925499,247,
Instagram - Betty Alvarez,False,2024-02-22 00:14:49.181826,50,
Tiktok - Monica Herrera,False,2024-06-13 10:57:04.591021,507,
Paid Search - Jason Bentley,False,2024-01-05 11:11:13.394814,293,
Tiktok - Diana May,True,2024-08-12 06:10:41.545153,111,tali@example.com
Facebook - Ms. Ann Williams MD,False,2024-08-15 04:36:32.333640,375,
Paid Search - Allen Rogers,False,2024-03-25 18:24:17.330248,375,
Facebook - Brandon Davis,False,2024-07-08 23:35:37.691153,53,
Tiktok - Michael Smith,True,2024-08-30 14:11:51.696853,372,monique44@example.net
Google Ads - James Morgan,True,2024-06-06 04:23:04.581203,396,tracybrown@example.net
Tiktok - Mandy Green,False,2024-09-09 22:10:26.936346,122,
Google Ads - Kevin Hurst,True,2024-05-18 07:08:59.500427,404,lelinda@example.net
Instagram - Kimberly Adkins,False,2024-09-08 22:01:51.445595,148,
Facebook - Sandra Parker,False,2024-04-17 23:41:06.627852,513,
Facebook - Brandon Davis,True,2024-08-12 09:01:36.639403,40,gregorychase@example.com
Tiktok - Francisco Fernandez,False,2024-06-28 08:36:02.184770,486,
Facebook - Robert Stevens,False,2024-01-18 09:32:39.745190,153,
Facebook - Elizabeth Kelley,True,2024-08-08 23:35:12.803911,336,shaffercindy@example.org
Instagram - Kevin Pena,False,2024-05-14 07:55:02.480541,167,
Paid Search - Daniel Baker,False,2024-07-14 05:53:46.288031,345,
Google Ads - Timothy Pham,False,2024-01-23 11:46:09.318318,577,
Facebook - Jessica Callahan,False,2024-04-28 18:15:55.319289,18,
Tiktok - Kelly Donovan,False,2024-03-14 19:08:17.395262,113,
Paid Search - Matthew Mcmillan,False,2024-02-23 05:10:50.007049,28,
Paid Search - Jason Bentley,False,2024-05-15 09:14:43.523891,272,
Instagram - Cheyenne Horton,True,2024-02-16 07:52:39.653354,53,waltersmeghan@example.com
Google Ads - David Garcia,True,2024-07-19 00:46:38.033148,537,dhall@example.net
Paid Search - Michelle Brown,False,2024-08-12 09:56:46.428010,152,
Google Ads - Linda Dodson DVM,True,2024-01-01 20:43:37.344114,33,kalvarez@example.net
Paid Search - David Wright,True,2024-03-14 07:48:34.599447,196,ojones@example.com
Instagram - Anna Henderson,False,2024-04-03 22:16:43.697293,429,
Instagram - Shannon Smith,False,2024-04-01 10:55:53.876151,209,
Facebook - Victoria Valdez,False,2024-06-01 04:20:33.332569,64,
Google Ads - Lori Hill,True,2024-07-05 11:55:08.960256,532,clarence54@example.org
Tiktok - Larry Dixon,False,2024-05-31 15:35:20.944749,490,
Google Ads - Alexander Lee,False,2024-05-04 00:18:00.950752,322,
Google Ads - Thomas Harrell,False,2024-02-01 03:21:20.484599,546,
Instagram - Kimberly Adkins,False,2024-01-25 06:09:02.263863,271,
Instagram - Kevin Pena,False,2024-07-14 09:42:36.442556,197,
Facebook - Daniel Jones,False,2024-02-19 17:27:22.083876,572,
Facebook - Jessica Callahan,True,2024-06-07 08:01:57.504871,305,kpena@example.org
Google Ads - James Morgan,True,2024-09-15 16:09:12.414921,501,ogreer@example.net
Google Ads - David Garcia,False,2024-07-24 08:39:40.093962,574,
Paid Search - Michelle Brown,False,2024-07-30 06:10:21.626046,295,
Instagram - Judy Baker,False,2024-02-28 06:18:14.299124,405,
Instagram - Sarah Moore,True,2024-04-10 07:33:29.868776,298,courtneyberger@example.net
Google Ads - James Morgan,True,2024-01-22 18:27:11.262622,355,feliciagonzalez@example.org
Instagram - Anna Henderson,False,2024-07-12 23:48:36.683976,491,
Instagram - Betty Alvarez,True,2024-03-07 02:02:53.762215,552,mitchellpaul@example.org
Tiktok - Larry Dixon,False,2024-08-12 06:24:06.740096,141,
Paid Search - Andrew Stewart,True,2024-06-21 00:57:26.366390,249,melissagarcia@example.net
Paid Search - Christopher Rubio,True,2024-08-29 10:54:22.907153,239,caseyhubbard@example.org
Google Ads - Margaret Hawkins DDS,False,2024-02-21 04:20:35.432827,339,
Tiktok - Francisco Fernandez,False,2024-07-21 10:39:27.586353,103,
Google Ads - Linda Dodson DVM,True,2024-02-05 13:14:54.802723,6,rfarley@example.com
Paid Search - Deborah Rodriguez,True,2024-01-15 06:51:03.800381,417,bensonstanley@example.org
Tiktok - Steven Flynn,False,2024-07-08 01:46:12.214615,205,
Google Ads - Kimberly Morrison,False,2024-02-17 16:14:56.596119,329,
Google Ads - James Morgan,True,2024-02-07 14:41:22.763485,92,fbarker@example.net
Facebook - Natalie Lambert,True,2024-03-25 12:22:00.300742,548,vwagner@example.com
Paid Search - Michelle Brown,True,2024-03-01 12:31:22.698519,180,xshaw@example.net
Google Ads - Thomas Harrell,True,2024-02-20 10:04:55.533391,407,alishahutchinson@example.net
Facebook - Rita Keith,True,2024-08-24 15:46:22.674575,297,lmadden@example.com
Instagram - Melissa Peterson,True,2024-02-17 10:30:55.488993,306,garcher@example.com
Facebook - Elizabeth Kelley,True,2024-03-19 23:53:23.700616,344,larry16@example.net
Facebook - Adam Jones,False,2024-07-05 20:03:25.647181,138,
Google Ads - Timothy Pham,False,2024-03-11 20:33:15.508190,280,
Paid Search - April Nguyen,True,2024-05-11 05:05:33.596032,339,albertwagner@example.com
Facebook - Daniel Fisher,False,2024-06-03 23:59:09.945595,264,
Tiktok - Francisco Fernandez,True,2024-04-03 10:32:36.846515,15,joelmiller@example.net
Instagram - Kimberly Adkins,False,2024-06-20 21:47:52.721615,582,
Instagram - Ryan Bryant,True,2024-04-30 10:35:51.999237,180,hellis@example.net
Tiktok - Megan Walker,False,2024-06-18 00:22:35.026424,438,
Paid Search - Richard Rodriguez,False,2024-08-10 18:32:45.700116,89,
Facebook - Jaclyn Moore,True,2024-01-10 20:06:55.948474,190,fowlershelia@example.com
Google Ads - David Garcia,False,2024-08-11 13:47:25.853957,255,
Facebook - Allison Hill,False,2024-04-13 07:14:24.820860,393,
Google Ads - Barbara Walker,False,2024-05-24 02:03:10.738253,274,
Google Ads - Kristi Higgins MD,False,2024-02-26 10:11:12.288175,597,
Paid Search - Michelle Brown,True,2024-07-07 01:48:55.163716,268,woodkeith@example.net
Tiktok - Danielle Wheeler,True,2024-04-02 22:05:16.172755,64,jali@example.com
Instagram - Judy Baker,False,2024-08-05 04:41:48.741201,315,
Google Ads - Debra Davidson,False,2024-08-01 06:36:27.082644,515,
Google Ads - Lori Hill,False,2024-02-25 13:30:52.649145,121,
Tiktok - Megan Walker,False,2024-07-06 09:31:42.692578,377,
Instagram - Kevin Pena,True,2024-05-14 22:18:49.418834,225,priscilla37@example.net
Facebook - Ms. Ann Williams MD,False,2024-08-10 06:30:27.082595,157,
Facebook - Adam Jones,False,2024-07-31 17:54:10.714258,426,
Paid Search - David Wright,False,2024-01-25 07:24:32.956271,551,
Paid Search - Christopher Rubio,True,2024-07-26 03:38:34.653022,254,brandonhull@example.net
Google Ads - Kimberly Morrison,True,2024-03-10 03:51:19.295704,539,kchaney@example.net
Google Ads - Alexander Lee,False,2024-05-05 06:24:08.978621,80,
Tiktok - Michael Smith,True,2024-01-09 10:09:17.928243,64,tochoa@example.com
Paid Search - Deborah Rodriguez,True,2024-01-31 21:09:43.454762,587,christinemartin@example.net
Instagram - Shannon Smith,True,2024-06-25 07:54:14.079669,336,portershawn@example.org
Facebook - Robert Stevens,False,2024-02-19 22:23:02.918485,120,
Google Ads - Linda Dodson DVM,True,2024-02-07 10:45:48.067719,598,kbarber@example.org
Paid Search - Carolyn Daniel,False,2024-06-06 04:12:46.047981,57,
Facebook - Adam Jones,True,2024-04-09 17:06:55.082574,526,floresannette@example.com
Facebook - Adam Jones,True,2024-04-11 05:17:22.287633,573,james44@example.net
Instagram - Ryan Bryant,False,2024-06-06 14:18:18.819195,23,
Paid Search - Daniel Baker,False,2024-01-10 01:35:37.894802,4,
Facebook - Paul Castaneda,True,2024-07-06 20:02:06.633336,593,michael23@example.org
Facebook - Brandon Davis,False,2024-06-17 14:23:05.411253,353,
Paid Search - David Wright,True,2024-08-20 20:14:18.513623,555,davischristopher@example.com
Tiktok - Amber Perez,False,2024-01-03 02:46:19.276074,33,
Google Ads - James Morgan,False,2024-04-22 20:54:06.089376,185,
Tiktok - John Anderson,True,2024-03-30 15:36:19.269552,431,roberttaylor@example.net
Tiktok - James Powers,False,2024-06-22 12:43:24.372069,387,
Tiktok - James Powers,True,2024-01-27 20:09:25.326548,553,justin01@example.net
Instagram - Cheyenne Horton,False,2024-09-01 13:55:16.585561,122,
Google Ads - Thomas Harrell,False,2024-03-23 00:48:25.356241,542,
Google Ads - Kevin Hurst,True,2024-05-05 00:57:28.861676,4,allen50@example.net
Paid Search - Jonathan Johnson,False,2024-02-19 20:40:55.392648,475,
Instagram - Ryan Bryant,False,2024-01-06 19:48:48.889578,545,
Tiktok - James Powers,True,2024-08-04 17:51:09.091281,254,jamiejohnson@example.com
Instagram - Sarah Moore,True,2024-05-02 06:07:59.148647,283,marksimmons@example.com
Paid Search - Michelle Brown,True,2024-06-03 06:25:51.113364,33,gmendoza@example.com
Tiktok - Abigail Potter,False,2024-04-26 12:04:22.592005,17,
Google Ads - Barbara Walker,True,2024-04-16 23:00:12.079463,69,jonesdana@example.com
Paid Search - Jason Bentley,True,2024-08-11 09:45:18.002450,458,jorgemcdaniel@example.com
Instagram - Ryan Bryant,True,2024-03-08 15:36:22.014578,251,derrick73@example.org
Facebook - Brandon Davis,False,2024-04-09 23:06:23.754832,450,
Google Ads - Eric Carney,True,2024-03-31 11:57:20.515326,58,fowlershelia@example.com
Google Ads - Timothy Pham,False,2024-06-30 17:54:21.760498,240,
Facebook - Daniel Fisher,False,2024-03-21 09:34:47.687351,592,
Paid Search - Jason Bentley,False,2024-09-17 00:17:42.140464,243,
Facebook - Jessica Callahan,True,2024-08-23 00:19:48.978157,534,crawfordwilliam@example.org
Facebook - Victoria Valdez,False,2024-07-23 09:50:37.221998,282,
Tiktok - Sandra Montgomery,True,2024-08-29 06:57:41.513112,438,gerald40@example.net
Facebook - Rita Keith,True,2024-05-15 18:51:18.511916,353,alexandernicholas@example.net
Tiktok - John Atkinson,False,2024-04-22 18:11:25.481490,538,
Paid Search - James Brown,False,2024-07-26 07:54:27.994503,419,
Instagram - Shannon Smith,False,2024-09-12 12:24:19.883359,386,
Facebook - Brittany Farmer,False,2024-04-17 08:06:35.541099,247,
Google Ads - Jenny Lewis,False,2024-01-08 15:33:32.086451,148,
Facebook - Sandra Aguilar,True,2024-05-17 04:33:43.582615,576,ncarroll@example.net
Paid Search - Matthew Mcmillan,True,2024-09-04 01:05:29.716156,398,stacey92@example.net
Paid Search - Shannon Jones,True,2024-08-25 11:13:44.569464,339,jessica81@example.net
Facebook - Daniel Adams,False,2024-09-15 12:44:47.729176,380,
Paid Search - Carolyn Daniel,True,2024-09-09 12:49:24.189255,53,jenna62@example.net
Tiktok - James Powers,True,2024-02-23 03:45:29.746432,75,patrickdarin@example.com
Paid Search - Allen Rogers,True,2024-09-17 10:58:45.322523,491,rubendavis@example.org
Google Ads - Kristi Higgins MD,False,2024-07-20 09:03:27.321466,16,
Instagram - Betty Alvarez,True,2024-02-04 18:58:00.388849,121,tking@example.net
Google Ads - Kimberly Morrison,False,2024-03-30 05:32:34.264972,249,
Paid Search - David Wright,True,2024-09-14 02:32:00.958338,407,rrodriguez@example.net
Google Ads - Barbara Walker,False,2024-09-16 21:27:47.247290,290,
Tiktok - James Powers,False,2024-03-23 20:04:41.756620,547,
Instagram - Cheyenne Horton,False,2024-07-24 02:52:45.236067,316,
Paid Search - Carlos Walls,False,2024-08-02 16:09:05.068877,526,
Facebook - Rita Keith,False,2024-05-02 20:42:40.655443,101,
Paid Search - Michelle Brown,False,2024-02-14 06:51:18.814621,328,
Facebook - Angelica Tucker,False,2024-01-01 05:25:13.208564,321,
Facebook - Victoria Valdez,True,2024-02-09 12:06:16.618869,577,franklin56@example.com
Google Ads - Jenny Lewis,True,2024-08-24 11:49:37.471908,17,oharris@example.org
Paid Search - Deborah Rodriguez,False,2024-03-21 16:42:32.540593,303,
Instagram - Shannon Smith,True,2024-01-22 12:40:11.634822,338,melissa65@example.com
Tiktok - James Powers,True,2024-03-04 06:14:23.871218,512,ooneill@example.net
Instagram - Cheyenne Horton,False,2024-02-24 10:59:54.141865,264,
Paid Search - Allen Rogers,False,2024-01-25 03:36:45.394868,503,
Facebook - Adam Jones,True,2024-03-06 13:11:39.942935,361,thickman@example.org
Facebook - Ms. Ann Williams MD,False,2024-07-02 09:29:21.537228,189,
Paid Search - Teresa Wilson,True,2024-08-14 12:08:32.145838,537,bowenrobert@example.net
Instagram - Brian Ramirez,True,2024-04-10 05:48:41.178005,7,ncarroll@example.net
Facebook - Ms. Ann Williams MD,True,2024-05-07 20:28:21.684168,70,fpeterson@example.com
Instagram - Shannon Smith,True,2024-04-02 07:53:00.952154,224,brian06@example.org
Facebook - Adam Jones,False,2024-05-06 02:24:37.113466,62,
Tiktok - John Santana,False,2024-07-02 22:48:50.863659,500,
Paid Search - Jonathan Johnson,True,2024-07-06 03:54:35.138251,545,bonniethomas@example.com
Facebook - Victoria Valdez,True,2024-09-01 11:53:29.000931,18,karenhodges@example.com
Paid Search - Michelle Brown,False,2024-06-28 00:51:32.201997,549,
Google Ads - James Morgan,True,2024-08-10 16:04:52.070981,515,williamstanya@example.net
Paid Search - David Wright,False,2024-07-08 03:45:49.290664,184,
Paid Search - Andrew Stewart,True,2024-07-23 09:05:33.872577,537,johnsondonna@example.net
Google Ads - Barbara Walker,True,2024-01-26 15:58:59.785419,540,paynerachael@example.org
Paid Search - Kurt Leonard,False,2024-02-04 10:02:29.836385,407,
Facebook - Daniel Adams,False,2024-07-23 09:00:59.040982,416,
Facebook - Adam Jones,True,2024-02-05 18:20:10.295710,232,waltonmalik@example.com
Google Ads - Linda Dodson DVM,True,2024-07-26 02:41:16.824827,33,ashleyamy@example.net
Facebook - Jaclyn Moore,False,2024-08-28 12:40:41.410018,387,
Paid Search - Deborah Rodriguez,False,2024-08-07 13:47:49.789579,58,
Tiktok - Megan Walker,True,2024-07-14 14:59:32.591204,176,ericphillips@example.org
Facebook - Rita Keith,False,2024-04-23 17:22:24.583717,340,
Tiktok - Michael Smith,True,2024-04-15 11:45:23.953725,541,hamiltonspencer@example.com
Facebook - Brandon Davis,True,2024-01-20 04:37:32.264021,217,hbarnett@example.net
Tiktok - Sandra Kelley,False,2024-05-10 18:57:34.768080,278,
Facebook - Brandon Davis,True,2024-07-17 07:38:27.814492,288,greenkristen@example.org
Paid Search - Teresa Wilson,True,2024-06-06 01:41:39.036371,184,shortariana@example.net
Paid Search - James Brown,True,2024-02-29 09:05:52.891449,213,joelduncan@example.net
Tiktok - Arthur James,False,2024-06-11 23:42:54.980108,79,
Facebook - Jessica Callahan,True,2024-07-24 15:52:10.092298,578,wrightjohn@example.net
Tiktok - Michael Smith,False,2024-04-08 20:51:54.871109,554,
Google Ads - Kristi Higgins MD,False,2024-04-01 00:38:11.708934,144,
Tiktok - Sandra Kelley,True,2024-08-08 11:57:20.374214,513,newmansabrina@example.com
Instagram - Sarah Moore,True,2024-06-12 12:51:20.768946,101,hayesmargaret@example.org
Google Ads - Eric Carney,True,2024-07-20 07:59:34.335078,349,thomasgomez@example.net
Tiktok - John Anderson,False,2024-09-01 23:09:35.162992,335,
Tiktok - Connie Lawrence,False,2024-06-21 21:54:45.107138,462,
Instagram - Marc Moore,True,2024-02-06 23:36:28.577928,365,monique44@example.net
Tiktok - James Powers,False,2024-02-20 08:18:57.569582,191,
Google Ads - Linda Dodson DVM,False,2024-02-26 13:50:52.512568,88,
Tiktok - John Anderson,False,2024-04-26 14:51:03.259995,253,
Tiktok - Francisco Fernandez,True,2024-03-31 22:56:15.494732,85,jenna62@example.net
Instagram - Shannon Smith,False,2024-06-24 04:20:40.380403,158,
Facebook - Shannon Cannon,False,2024-04-24 00:33:57.250901,325,
Tiktok - Danielle Wheeler,True,2024-03-17 07:48:43.211816,94,reedross@example.com
Instagram - Dr. Tracy House DVM,False,2024-04-13 14:32:06.457278,369,
Paid Search - Allen Rogers,False,2024-08-07 23:20:10.479129,105,
Google Ads - Kevin Hurst,True,2024-01-10 07:52:24.335753,192,tali@example.com
Tiktok - Mandy Green,False,2024-09-13 17:31:49.923780,106,
Tiktok - Connie Lawrence,True,2024-04-22 23:01:02.616256,363,nathan76@example.com
Paid Search - Carolyn Daniel,False,2024-02-13 19:17:22.373375,395,
Google Ads - Stephanie Miller,False,2024-07-01 18:13:48.029327,424,
Paid Search - Angel Ellis,True,2024-08-11 10:37:47.198848,573,kimberlylopez@example.com
Facebook - Daniel Jones,True,2024-05-04 12:37:31.024604,390,thickman@example.org
Facebook - Ms. Ann Williams MD,False,2024-01-23 03:13:51.995071,309,
Instagram - Rhonda Lee,False,2024-07-02 18:10:49.969849,150,
Tiktok - Amber Perez,True,2024-01-28 03:51:15.267832,446,rguerrero@example.org
Paid Search - Matthew Mcmillan,False,2024-08-19 00:07:26.528390,496,
Instagram - Brian Ramirez,False,2024-08-03 05:23:51.391742,258,
Facebook - Daniel Jones,False,2024-01-04 06:34:54.128302,201,
Facebook - Adam Jones,True,2024-03-26 10:46:04.078475,139,xmoran@example.net
Facebook - Allison Hill,False,2024-06-02 22:11:00.651684,341,
Tiktok - John Santana,False,2024-04-12 20:22:26.133707,338,
Instagram - Anna Henderson,False,2024-05-01 18:51:37.817738,441,
Instagram - Cheyenne Horton,True,2024-05-10 05:00:38.800765,308,robertherrera@example.org
Facebook - Elizabeth Kelley,True,2024-09-14 02:35:00.379637,491,frances20@example.net
Google Ads - Thomas Harrell,False,2024-04-17 14:14:15.569652,327,
Facebook - Jerry Henderson,False,2024-07-25 14:28:09.768802,590,
Facebook - Daniel Jones,False,2024-03-22 03:27:29.431929,386,
Tiktok - John Daniel,False,2024-03-10 06:39:10.510691,374,
Google Ads - Sherri Edwards,True,2024-06-18 20:14:40.413666,559,yramirez@example.com
Google Ads - Linda Dodson DVM,True,2024-06-10 16:18:18.519408,473,jameshenry@example.net
Google Ads - Lori Hill,True,2024-08-02 22:07:18.312433,449,robertstimothy@example.com
Facebook - Jerry Henderson,True,2024-04-30 14:26:02.820138,419,wchambers@example.com
Facebook - Rita Keith,True,2024-04-09 20:36:10.964663,311,lkelly@example.org
Paid Search - Shannon Jones,True,2024-05-06 20:03:57.591864,434,iwoods@example.com
Tiktok - James Powers,True,2024-03-30 17:51:42.672317,460,jorgemcdaniel@example.com
Google Ads - David Garcia,False,2024-05-23 07:15:10.422301,548,
Google Ads - Timothy Pham,False,2024-04-07 17:24:42.250854,557,
Instagram - Melissa Peterson,False,2024-07-29 09:19:57.629875,550,
Paid Search - Jason Bentley,True,2024-09-19 16:22:36.861844,112,kelleymatthew@example.net
Facebook - Daniel Jones,False,2024-05-22 09:57:33.042064,171,
Tiktok - John Atkinson,True,2024-04-12 17:02:28.093966,577,nicolemiller@example.net
Instagram - Ryan Bryant,False,2024-06-29 17:14:29.045043,340,
Instagram - Mark Baker,True,2024-02-10 06:43:19.540026,11,lmorgan@example.com
Paid Search - Carlos Walls,True,2024-03-31 07:03:13.411326,523,tking@example.net
Facebook - Robert Stevens,True,2024-09-07 05:05:43.817327,457,roberttaylor@example.net
Paid Search - Daniel Baker,False,2024-06-07 01:37:59.771615,513,
Instagram - Shannon Smith,False,2024-02-22 22:18:00.365698,26,
Google Ads - David Garcia,True,2024-08-05 17:04:57.650834,303,floresannette@example.com
Facebook - Daniel Adams,True,2024-07-13 21:21:27.315063,146,stacey37@example.net
Instagram - Dr. Tracy House DVM,False,2024-05-01 20:46:17.725286,467,
Facebook - Angelica Tucker,False,2024-01-14 00:02:56.096146,357,
Tiktok - Steven Flynn,True,2024-03-16 10:55:09.134887,449,jenniferkim@example.com
Paid Search - David Wright,False,2024-02-02 13:21:33.840284,327,
Tiktok - Amber Perez,False,2024-05-11 03:23:38.454701,46,
Google Ads - Lori Hill,True,2024-04-08 07:49:33.420875,24,jacquelinedavis@example.com
Instagram - Kimberly Adkins,True,2024-08-26 03:45:14.396943,169,zacharyhart@example.com
Facebook - Shannon Cannon,True,2024-07-02 20:15:01.998061,529,jcole@example.net
Paid Search - Deborah Rodriguez,True,2024-03-08 14:00:43.710181,339,williamjones@example.net
Instagram - Juan Nelson,False,2024-03-31 09:16:41.676485,238,
Facebook - Jaclyn Moore,True,2024-03-20 07:40:53.829861,191,edwardmolina@example.com
Tiktok - Abigail Potter,False,2024-08-07 09:48:01.888344,406,
Tiktok - Connie Lawrence,True,2024-05-25 08:54:23.754901,461,rebecca18@example.org
Instagram - Juan Nelson,False,2024-02-17 20:54:14.449332,5,
Google Ads - Lori Hill,True,2024-04-05 14:08:15.076629,211,destiny35@example.org
Google Ads - Kimberly Morrison,True,2024-01-05 16:36:57.372369,592,ejohnson@example.org
Tiktok - Diana May,True,2024-03-27 22:48:33.697704,375,elucas@example.net
Facebook - Sandra Parker,False,2024-06-19 08:14:11.525495,117,
Paid Search - Carlos Walls,False,2024-06-08 13:47:51.761844,541,
Tiktok - Megan Walker,False,2024-04-05 16:26:45.692438,398,
Instagram - Kevin Pena,False,2024-01-10 19:21:08.046064,117,
Instagram - Sarah Moore,False,2024-07-16 20:23:57.522336,469,
Tiktok - John Santana,True,2024-03-07 14:13:37.813624,305,pamela69@example.com
Instagram - Kevin Pena,True,2024-01-23 12:16:18.048652,138,hstokes@example.org
Instagram - Judy Baker,True,2024-01-26 07:55:59.846750,313,james27@example.net
Facebook - Brittany Farmer,False,2024-07-13 15:56:56.854345,145,
Paid Search - Richard Rodriguez,False,2024-06-18 12:32:56.308094,429,
Paid Search - Jason Bentley,True,2024-04-25 11:12:32.527312,589,johnsonmichael@example.com
Instagram - Juan Nelson,True,2024-03-14 13:48:27.884011,499,owilson@example.org
Tiktok - Diana May,True,2024-09-17 07:16:59.439375,569,sullivannicholas@example.com
Instagram - Marc Moore,False,2024-07-03 12:59:30.164018,144,
Facebook - Brittany Farmer,False,2024-03-06 09:07:58.659038,462,
Tiktok - John Santana,True,2024-08-09 02:57:15.903172,368,garciatyler@example.org
Google Ads - Stephanie Miller,False,2024-08-11 15:02:08.616886,140,
Paid Search - April Nguyen,False,2024-07-15 05:52:40.876064,576,
Google Ads - Timothy Pham,False,2024-05-20 05:33:02.399995,419,
Google Ads - Linda Dodson DVM,False,2024-05-02 18:49:18.175422,426,
Google Ads - Lori Hill,False,2024-01-21 11:59:28.135825,501,
Tiktok - Troy Liu,True,2024-04-09 20:24:37.025410,579,cgrimes@example.net
Paid Search - Allen Rogers,True,2024-02-09 07:20:38.828719,300,tylerjohnson@example.net
Tiktok - John Daniel,True,2024-09-18 15:21:48.875880,551,nmiles@example.net
Tiktok - Troy Liu,False,2024-06-19 20:00:41.902690,580,
Facebook - Paul Castaneda,False,2024-08-24 05:55:36.905832,563,
Paid Search - Richard Rodriguez,True,2024-04-12 07:01:14.333057,587,eevans@example.net
Instagram - Rhonda Lee,False,2024-09-19 13:22:06.114147,556,
Google Ads - Kimberly Morrison,True,2024-01-22 02:19:04.310181,452,carl96@example.org
Instagram - Betty Alvarez,False,2024-09-05 09:47:29.912618,105,
Facebook - Shannon Cannon,True,2024-07-19 16:27:10.445971,305,bjohnson@example.org
Instagram - Melissa Peterson,False,2024-04-23 04:06:54.339813,270,
Instagram - Sarah Moore,True,2024-01-06 23:53:09.227865,450,alexis72@example.com
Instagram - Judy Baker,True,2024-09-11 13:06:56.519444,215,johnnyhenry@example.com
Facebook - Shannon Cannon,False,2024-03-09 19:08:22.874696,439,
Tiktok - Troy Liu,True,2024-06-23 20:57:19.094159,212,jessica38@example.net
Facebook - Angelica Tucker,True,2024-08-24 11:38:17.610597,584,davisdonna@example.net
Tiktok - Diana May,False,2024-08-12 03:28:37.195101,552,
Tiktok - Troy Liu,False,2024-04-26 02:13:02.052063,300,
Facebook - Jerry Henderson,False,2024-02-01 04:24:29.699891,527,
Instagram - Ryan Bryant,True,2024-02-21 07:55:38.669879,139,weavermichael@example.org
Google Ads - Kimberly Morrison,False,2024-03-10 21:36:34.027214,61,
Tiktok - John Daniel,True,2024-03-22 05:02:43.234467,136,gary15@example.com
Tiktok - Arthur James,False,2024-05-17 16:21:33.547389,254,
Paid Search - Allen Rogers,False,2024-08-16 19:15:57.150974,502,
Tiktok - Arthur James,False,2024-03-06 06:53:38.410158,425,
Tiktok - James Powers,False,2024-08-01 23:51:09.004895,78,
Tiktok - Megan Walker,True,2024-04-10 05:40:25.401007,413,ginaschmitt@example.com
Facebook - Paul Castaneda,False,2024-05-06 16:01:24.195694,378,
Facebook - Adam Jones,False,2024-07-22 18:04:09.017240,336,
Google Ads - Erin Edwards,True,2024-04-27 00:46:57.154675,96,tiffany71@example.com
Facebook - Adam Jones,False,2024-07-19 01:02:35.273063,65,
Tiktok - Diana May,False,2024-07-27 11:08:27.950252,224,
Instagram - Juan Nelson,True,2024-03-15 03:40:37.661126,507,jenna62@example.net
Tiktok - Richard Gibson,False,2024-06-28 20:09:41.543137,346,
Paid Search - Deborah Rodriguez,True,2024-06-10 22:38:48.182196,580,seth25@example.com
Instagram - Marc Moore,False,2024-08-31 16:02:59.329611,50,
Facebook - Brandon Davis,True,2024-06-30 15:40:17.910024,471,davidduran@example.net
Instagram - Judy Baker,True,2024-03-14 00:50:35.229039,452,carl24@example.org
Facebook - Allison Hill,False,2024-04-19 01:27:37.631978,208,
Tiktok - Sandra Kelley,True,2024-01-06 00:19:46.257694,310,robert93@example.net
Tiktok - John Daniel,True,2024-04-20 23:22:15.984705,370,cruzjessica@example.org
Facebook - Daniel Adams,False,2024-02-04 18:10:13.522951,170,
Tiktok - Monica Herrera,False,2024-03-12 12:40:37.775088,313,
Paid Search - Michelle Brown,True,2024-06-09 11:00:51.629055,440,butlerashley@example.net
Paid Search - Carolyn Daniel,True,2024-09-18 09:17:03.634717,2,kimberly04@example.org
Google Ads - David Garcia,True,2024-03-26 05:11:54.584724,136,mayerkatherine@example.com
Google Ads - Jenny Lewis,False,2024-02-29 06:43:02.209217,10,
Google Ads - Stephanie Miller,False,2024-01-05 20:10:36.200108,124,
Instagram - Juan Nelson,True,2024-03-27 22:39:24.877079,490,lauriemontgomery@example.net
Google Ads - Eric Carney,False,2024-01-18 01:37:19.073663,92,
Facebook - Daniel Fisher,True,2024-03-18 02:14:34.496584,106,hstokes@example.org
Tiktok - Kelly Donovan,False,2024-07-09 17:06:30.445608,141,
Tiktok - James Powers,True,2024-08-09 11:58:36.673736,147,omarpadilla@example.net
Google Ads - Alexander Lee,True,2024-06-06 11:14:29.138407,169,bmorris@example.org
Instagram - Sarah Moore,True,2024-06-19 00:27:29.340103,156,hamiltonspencer@example.com
Facebook - Victoria Valdez,False,2024-03-29 01:17:24.673752,223,
Paid Search - Carolyn Daniel,True,2024-04-14 04:49:53.282084,144,davisalexa@example.org
Instagram - Judy Baker,False,2024-09-06 01:25:33.607951,360,
Instagram - Juan Nelson,False,2024-01-04 08:47:05.573401,144,
Facebook - Daniel Jones,False,2024-04-01 05:25:32.816801,87,
Facebook - Daniel Jones,False,2024-04-02 18:31:07.592320,28,
Tiktok - Abigail Potter,False,2024-04-29 00:35:31.104073,211,
Facebook - Robert Stevens,True,2024-05-03 17:30:01.306620,402,zbanks@example.org
Tiktok - John Atkinson,True,2024-07-17 21:24:37.991294,246,maysdiane@example.org
Paid Search - Angel Ellis,True,2024-02-26 10:01:24.434654,247,fitzpatrickelizabeth@example.com
Tiktok - Megan Walker,True,2024-07-05 21:07:55.011939,541,rubiojohnny@example.com
Google Ads - Stephanie Miller,False,2024-06-29 06:06:05.639016,325,
Google Ads - Kevin Hurst,False,2024-03-09 11:38:53.495843,583,
Paid Search - Matthew Mcmillan,False,2024-01-09 15:24:58.377074,560,
Google Ads - Linda Dodson DVM,True,2024-08-16 06:43:05.417539,483,matthewhull@example.org
Tiktok - John Anderson,True,2024-09-16 04:44:23.951327,18,joelduncan@example.net
Tiktok - Amber Perez,True,2024-06-18 02:40:31.759394,269,kvalencia@example.com
Facebook - Brandon Davis,True,2024-05-30 08:19:30.605648,408,sandyjohnson@example.org
Google Ads - James Morgan,False,2024-04-02 11:39:32.682966,434,
Paid Search - David Wright,False,2024-02-25 14:11:05.023398,85,
Tiktok - Megan Walker,True,2024-09-20 18:57:06.443575,285,carlamoore@example.org
Instagram - Dr. Tracy House DVM,True,2024-04-08 21:14:37.655222,524,freemanadam@example.com
Facebook - Angelica Tucker,True,2024-03-19 03:54:09.495369,550,angela93@example.com
Paid Search - Daniel Baker,True,2024-03-25 11:03:45.012368,318,melissaschmitt@example.com
Instagram - Mark Baker,True,2024-06-29 15:50:34.842634,60,samantharichard@example.com
Paid Search - Carolyn Daniel,False,2024-01-08 22:02:51.142410,119,
Facebook - Adam Jones,True,2024-06-16 08:45:16.979208,317,ogriffin@example.net
Facebook - Shannon Cannon,True,2024-02-14 15:48:17.096722,123,david82@example.org
Google Ads - Lori Hill,True,2024-04-04 04:19:53.825326,12,hsmith@example.net
Facebook - Rita Keith,False,2024-04-25 13:58:29.083941,536,
Facebook - Robert Stevens,False,2024-09-23 17:23:14.302796,171,
Tiktok - Kelly Donovan,True,2024-01-07 06:28:26.323433,276,james63@example.net
Instagram - Judy Baker,True,2024-09-17 16:57:11.179130,344,jacobbond@example.net
Instagram - Juan Nelson,False,2024-05-29 00:54:55.029478,537,
Tiktok - Amber Perez,False,2024-05-11 10:41:34.920793,591,
Paid Search - Jose Schultz,True,2024-03-03 20:49:21.007468,509,conleykevin@example.net
Paid Search - Richard Rodriguez,False,2024-09-03 17:31:24.736266,57,
Facebook - Rita Keith,True,2024-02-05 06:34:47.119474,377,kyle58@example.com
Paid Search - Shannon Jones,True,2024-06-11 14:42:43.060947,588,mwood@example.com
Paid Search - Michelle Brown,True,2024-08-15 13:51:13.757281,234,derrick73@example.org
Paid Search - Richard Rodriguez,True,2024-01-26 23:24:27.380299,46,dday@example.org
Google Ads - Stephanie Miller,True,2024-02-28 11:18:53.833875,48,angela72@example.com
Tiktok - Danielle Wheeler,False,2024-09-22 17:38:07.650065,154,
Google Ads - Thomas Harrell,True,2024-06-01 20:52:27.721165,567,tmarsh@example.org
Tiktok - Francisco Fernandez,False,2024-02-17 20:13:27.415121,230,
Tiktok - Richard Gibson,True,2024-02-12 14:50:32.525235,427,rrodriguez@example.net
Paid Search - Michelle Brown,False,2024-07-27 06:05:58.131941,278,
Instagram - Brian Ramirez,False,2024-07-15 17:16:29.386982,123,
Google Ads - Timothy Pham,True,2024-04-17 10:27:54.203040,184,pwalker@example.com
Facebook - Robert Stevens,True,2024-04-19 10:01:54.496030,411,omarpadilla@example.net
Facebook - Sandra Aguilar,False,2024-07-20 05:23:55.784606,319,
Tiktok - Richard Gibson,True,2024-04-22 00:09:10.421863,567,carl24@example.org
Google Ads - Stephanie Miller,False,2024-06-09 12:06:04.573951,206,
Facebook - Jerry Henderson,False,2024-03-26 13:11:45.106700,249,
Facebook - Sandra Aguilar,False,2024-04-07 06:33:59.942935,506,
Tiktok - John Anderson,True,2024-01-29 07:04:09.375660,560,sarahnguyen@example.com
Facebook - Daniel Jones,True,2024-08-24 23:25:04.683177,7,gjohnson@example.com
Facebook - Victoria Valdez,True,2024-09-14 04:37:47.461892,239,moralesmary@example.com
Instagram - Sarah Moore,True,2024-07-23 00:42:59.417211,344,ismith@example.org
Paid Search - Allen Rogers,False,2024-03-26 02:43:41.319239,315,
Paid Search - Andrew Stewart,True,2024-05-23 11:07:42.089664,543,rbrown@example.com
Paid Search - Matthew Mcmillan,False,2024-04-15 00:58:35.647146,62,
Tiktok - Arthur James,False,2024-08-18 02:12:16.194864,96,
Facebook - Brandon Davis,True,2024-05-12 12:53:47.857605,533,ncarroll@example.net
Paid Search - David Wright,False,2024-05-04 06:08:26.705569,470,
Facebook - Paul Castaneda,True,2024-08-09 06:35:57.800664,595,lisa27@example.net
Google Ads - Timothy Pham,True,2024-04-30 09:12:05.200485,404,edward17@example.com
Google Ads - Eric Ortiz,True,2024-09-04 11:06:00.237157,446,iantate@example.org
Google Ads - Kevin Hurst,True,2024-02-17 13:49:22.768574,299,oharris@example.org
Paid Search - James Brown,False,2024-03-18 05:56:55.581550,335,
Paid Search - James Brown,False,2024-05-22 16:05:31.905742,279,
Google Ads - Eric Carney,True,2024-03-30 11:22:40.670361,208,james15@example.org
Paid Search - Justin Johnson,True,2024-05-04 06:49:55.454929,160,elizabeth18@example.net
Tiktok - Troy Liu,False,2024-02-16 03:23:37.344179,478,
Paid Search - James Brown,False,2024-08-31 00:12:03.172408,124,
Tiktok - Diana May,False,2024-04-12 16:16:48.144909,213,
Tiktok - Mandy Green,False,2024-06-23 22:17:51.233159,475,
Paid Search - Carlos Walls,True,2024-09-17 22:40:34.670568,93,kyle58@example.com
Google Ads - Linda Dodson DVM,False,2024-04-19 21:27:31.402609,42,
Instagram - Betty Alvarez,False,2024-06-19 11:01:39.027728,152,
Paid Search - Carolyn Daniel,True,2024-06-14 18:16:14.511431,365,perkinshannah@example.net
Paid Search - Richard Rodriguez,True,2024-02-07 02:46:17.514507,307,davidtodd@example.org
Google Ads - Thomas Harrell,True,2024-06-15 00:59:01.913864,415,escott@example.com
Tiktok - Mandy Green,True,2024-09-24 13:12:43.976779,97,james44@example.net
Paid Search - Andrew Stewart,True,2024-06-09 14:09:21.368839,125,david82@example.org
Tiktok - Sandra Montgomery,True,2024-07-15 02:24:29.444884,134,amber07@example.net
Facebook - Jaclyn Moore,False,2024-09-10 05:48:40.180225,87,
Google Ads - Erin Edwards,False,2024-03-28 01:18:07.088947,77,
Paid Search - Jonathan Johnson,True,2024-03-07 22:40:26.708467,203,bonillabrian@example.org
Tiktok - John Atkinson,False,2024-06-01 11:37:30.014336,132,
Paid Search - Carolyn Daniel,False,2024-05-06 09:33:50.221963,126,
Facebook - Brandon Davis,False,2024-01-25 08:45:08.157964,52,
Tiktok - Troy Liu,False,2024-04-09 04:20:36.549026,405,
Facebook - Rita Keith,True,2024-07-17 23:56:40.833028,392,april31@example.net
Instagram - Juan Nelson,True,2024-08-24 15:24:44.466700,363,troyrodriguez@example.com
Facebook - Brittany Farmer,False,2024-06-24 04:48:05.976668,287,
Tiktok - Mandy Green,True,2024-05-27 20:44:45.620980,36,rgibson@example.net
Tiktok - John Santana,True,2024-08-19 06:22:15.354189,303,gainesjennifer@example.org
Facebook - Victoria Valdez,False,2024-08-15 17:58:23.418051,63,
Paid Search - Carolyn Daniel,False,2024-02-13 05:22:53.147060,393,
Facebook - Ms. Ann Williams MD,False,2024-04-08 20:25:35.581788,205,
Tiktok - John Atkinson,True,2024-08-22 06:26:37.127599,557,sullivanchristina@example.net
Paid Search - Jonathan Johnson,False,2024-02-16 22:17:41.150966,368,
Google Ads - David Garcia,False,2024-09-08 00:08:51.123874,353,
Tiktok - Michael Smith,False,2024-09-03 18:52:10.666449,398,
Instagram - Rhonda Lee,True,2024-03-27 10:32:31.483243,27,david94@example.org
Paid Search - Jason Bentley,True,2024-03-19 11:21:07.662573,31,joshua56@example.org
Paid Search - Justin Johnson,False,2024-08-27 13:41:35.588242,60,
